"refdate","bin10","c"
2024-01-30,900,1
2024-01-30,925,6
2024-01-30,950,1
2024-01-30,975,4
2024-01-30,1000,9
2024-01-30,1025,10
2024-01-30,1050,15
2024-01-30,1075,14
2024-01-30,1100,13
2024-01-30,1125,15
2024-01-30,1150,22
2024-01-30,1175,29
2024-01-30,1200,45
2024-01-30,1225,58
2024-01-30,1250,80
2024-01-30,1275,79
2024-01-30,1300,90
2024-01-30,1325,116
2024-01-30,1350,129
2024-01-30,1375,200
2024-01-30,1400,146
2024-01-30,1425,416
2024-01-30,1450,131
2024-01-30,1475,199
2024-01-30,1500,736
2024-01-30,1525,154
2024-01-30,1550,307
2024-01-30,1575,153
2024-01-30,1600,211
2024-01-30,1625,147
2024-01-30,1650,162
2024-01-30,1675,145
2024-01-30,1700,120
2024-01-30,1725,112
2024-01-30,1750,84
2024-01-30,1775,74
2024-01-30,1800,68
2024-01-30,1825,55
2024-01-30,1850,46
2024-01-30,1875,43
2024-01-30,1900,39
2024-01-30,1925,37
2024-01-30,1950,16
2024-01-30,1975,10
2024-01-30,2000,9
2024-01-30,2025,14
2024-01-30,2050,10
2024-01-30,2075,5
2024-01-30,2100,2
2024-01-30,2125,1
2024-01-30,2150,2
2024-01-31,900,3
2024-01-31,925,3
2024-01-31,950,7
2024-01-31,975,6
2024-01-31,1000,13
2024-01-31,1025,27
2024-01-31,1050,26
2024-01-31,1075,36
2024-01-31,1100,41
2024-01-31,1125,42
2024-01-31,1150,67
2024-01-31,1175,70
2024-01-31,1200,88
2024-01-31,1225,137
2024-01-31,1250,155
2024-01-31,1275,152
2024-01-31,1300,130
2024-01-31,1325,127
2024-01-31,1350,175
2024-01-31,1375,170
2024-01-31,1400,212
2024-01-31,1425,247
2024-01-31,1450,189
2024-01-31,1475,180
2024-01-31,1500,478
2024-01-31,1525,132
2024-01-31,1550,171
2024-01-31,1575,143
2024-01-31,1600,187
2024-01-31,1625,179
2024-01-31,1650,189
2024-01-31,1675,211
2024-01-31,1700,228
2024-01-31,1725,227
2024-01-31,1750,131
2024-01-31,1775,115
2024-01-31,1800,100
2024-01-31,1825,80
2024-01-31,1850,85
2024-01-31,1875,98
2024-01-31,1900,77
2024-01-31,1925,61
2024-01-31,1950,69
2024-01-31,1975,33
2024-01-31,2000,27
2024-01-31,2025,46
2024-01-31,2050,61
2024-01-31,2075,37
2024-01-31,2100,15
2024-01-31,2125,9
2024-01-31,2150,1
2024-01-31,2175,1
2024-02-01,775,6
2024-02-01,800,6
2024-02-01,825,4
2024-02-01,850,3
2024-02-01,875,2
2024-02-01,900,2
2024-02-01,925,8
2024-02-01,950,10
2024-02-01,975,10
2024-02-01,1000,19
2024-02-01,1025,41
2024-02-01,1050,43
2024-02-01,1075,47
2024-02-01,1100,43
2024-02-01,1125,56
2024-02-01,1150,88
2024-02-01,1175,126
2024-02-01,1200,106
2024-02-01,1225,109
2024-02-01,1250,136
2024-02-01,1275,156
2024-02-01,1300,148
2024-02-01,1325,198
2024-02-01,1350,230
2024-02-01,1375,209
2024-02-01,1400,244
2024-02-01,1425,264
2024-02-01,1450,175
2024-02-01,1475,170
2024-02-01,1500,407
2024-02-01,1525,136
2024-02-01,1550,152
2024-02-01,1575,153
2024-02-01,1600,149
2024-02-01,1625,156
2024-02-01,1650,151
2024-02-01,1675,195
2024-02-01,1700,176
2024-02-01,1725,125
2024-02-01,1750,154
2024-02-01,1775,133
2024-02-01,1800,143
2024-02-01,1825,77
2024-02-01,1850,43
2024-02-01,1875,58
2024-02-01,1900,52
2024-02-01,1925,57
2024-02-01,1950,36
2024-02-01,1975,57
2024-02-01,2000,16
2024-02-01,2025,13
2024-02-01,2050,30
2024-02-01,2075,29
2024-02-01,2100,38
2024-02-01,2125,21
2024-02-02,725,4
2024-02-02,750,7
2024-02-02,775,6
2024-02-02,800,3
2024-02-02,825,2
2024-02-02,850,6
2024-02-02,875,7
2024-02-02,900,10
2024-02-02,925,17
2024-02-02,950,20
2024-02-02,975,19
2024-02-02,1000,27
2024-02-02,1025,32
2024-02-02,1050,40
2024-02-02,1075,87
2024-02-02,1100,96
2024-02-02,1125,133
2024-02-02,1150,178
2024-02-02,1175,210
2024-02-02,1200,195
2024-02-02,1225,214
2024-02-02,1250,264
2024-02-02,1275,304
2024-02-02,1300,489
2024-02-02,1325,449
2024-02-02,1350,836
2024-02-02,1375,560
2024-02-02,1400,802
2024-02-02,1425,1740
2024-02-02,1450,562
2024-02-02,1475,1256
2024-02-02,1500,4661
2024-02-02,1525,912
2024-02-02,1550,1956
2024-02-02,1575,805
2024-02-02,1600,784
2024-02-02,1625,820
2024-02-02,1650,527
2024-02-02,1675,483
2024-02-02,1700,352
2024-02-02,1725,285
2024-02-02,1750,248
2024-02-02,1775,180
2024-02-02,1800,109
2024-02-02,1825,78
2024-02-02,1850,74
2024-02-02,1875,58
2024-02-02,1900,38
2024-02-02,1925,31
2024-02-02,1950,29
2024-02-02,1975,32
2024-02-02,2000,49
2024-02-02,2025,25
2024-02-02,2050,25
2024-02-02,2075,9
2024-02-02,2100,11
2024-02-02,2125,12
2024-02-02,2150,7
2024-02-02,2175,13
2024-02-02,2200,7
2024-02-02,2225,3
2024-02-03,700,2
2024-02-03,725,3
2024-02-03,750,5
2024-02-03,775,8
2024-02-03,800,7
2024-02-03,825,18
2024-02-03,850,17
2024-02-03,875,20
2024-02-03,900,15
2024-02-03,925,13
2024-02-03,950,25
2024-02-03,975,45
2024-02-03,1000,41
2024-02-03,1025,72
2024-02-03,1050,96
2024-02-03,1075,126
2024-02-03,1100,163
2024-02-03,1125,227
2024-02-03,1150,292
2024-02-03,1175,344
2024-02-03,1200,386
2024-02-03,1225,483
2024-02-03,1250,537
2024-02-03,1275,653
2024-02-03,1300,688
2024-02-03,1325,734
2024-02-03,1350,1397
2024-02-03,1375,817
2024-02-03,1400,1736
2024-02-03,1425,2054
2024-02-03,1450,1192
2024-02-03,1475,2163
2024-02-03,1500,4512
2024-02-03,1525,1741
2024-02-03,1550,2324
2024-02-03,1575,1566
2024-02-03,1600,1492
2024-02-03,1625,1315
2024-02-03,1650,1038
2024-02-03,1675,873
2024-02-03,1700,763
2024-02-03,1725,518
2024-02-03,1750,367
2024-02-03,1775,200
2024-02-03,1800,112
2024-02-03,1825,98
2024-02-03,1850,103
2024-02-03,1875,80
2024-02-03,1900,62
2024-02-03,1925,48
2024-02-03,1950,43
2024-02-03,1975,31
2024-02-03,2000,27
2024-02-03,2025,7
2024-02-03,2050,10
2024-02-03,2075,7
2024-02-03,2100,10
2024-02-03,2125,17
2024-02-03,2150,9
2024-02-03,2175,4
2024-02-03,2225,22
2024-02-04,725,1
2024-02-04,750,3
2024-02-04,775,6
2024-02-04,800,18
2024-02-04,825,14
2024-02-04,850,24
2024-02-04,875,24
2024-02-04,900,40
2024-02-04,925,51
2024-02-04,950,55
2024-02-04,975,65
2024-02-04,1000,84
2024-02-04,1025,133
2024-02-04,1050,144
2024-02-04,1075,151
2024-02-04,1100,214
2024-02-04,1125,290
2024-02-04,1150,313
2024-02-04,1175,405
2024-02-04,1200,467
2024-02-04,1225,540
2024-02-04,1250,572
2024-02-04,1275,753
2024-02-04,1300,690
2024-02-04,1325,835
2024-02-04,1350,1142
2024-02-04,1375,816
2024-02-04,1400,1745
2024-02-04,1425,1465
2024-02-04,1450,1154
2024-02-04,1475,1797
2024-02-04,1500,3275
2024-02-04,1525,1844
2024-02-04,1550,2004
2024-02-04,1575,1633
2024-02-04,1600,1406
2024-02-04,1625,1341
2024-02-04,1650,1009
2024-02-04,1675,784
2024-02-04,1700,674
2024-02-04,1725,572
2024-02-04,1750,471
2024-02-04,1775,403
2024-02-04,1800,188
2024-02-04,1825,88
2024-02-04,1850,84
2024-02-04,1875,114
2024-02-04,1900,77
2024-02-04,1925,63
2024-02-04,1950,46
2024-02-04,1975,35
2024-02-04,2000,38
2024-02-04,2025,35
2024-02-04,2050,16
2024-02-04,2075,18
2024-02-04,2100,8
2024-02-04,2125,14
2024-02-04,2150,21
2024-02-04,2175,26
2024-02-04,2200,11
2024-02-04,2225,11
2024-02-04,2250,12
2024-02-04,2275,10
2024-02-04,2300,2
2024-02-05,725,4
2024-02-05,750,6
2024-02-05,775,17
2024-02-05,800,36
2024-02-05,825,31
2024-02-05,850,29
2024-02-05,875,27
2024-02-05,900,40
2024-02-05,925,44
2024-02-05,950,59
2024-02-05,975,73
2024-02-05,1000,92
2024-02-05,1025,127
2024-02-05,1050,172
2024-02-05,1075,189
2024-02-05,1100,248
2024-02-05,1125,308
2024-02-05,1150,361
2024-02-05,1175,476
2024-02-05,1200,529
2024-02-05,1225,702
2024-02-05,1250,777
2024-02-05,1275,969
2024-02-05,1300,1178
2024-02-05,1325,1021
2024-02-05,1350,1994
2024-02-05,1375,1410
2024-02-05,1400,2093
2024-02-05,1425,5060
2024-02-05,1450,1822
2024-02-05,1475,4673
2024-02-05,1500,17878
2024-02-05,1525,3585
2024-02-05,1550,7693
2024-02-05,1575,2946
2024-02-05,1600,3141
2024-02-05,1625,3164
2024-02-05,1650,1883
2024-02-05,1675,1648
2024-02-05,1700,1264
2024-02-05,1725,900
2024-02-05,1750,639
2024-02-05,1775,424
2024-02-05,1800,368
2024-02-05,1825,170
2024-02-05,1850,144
2024-02-05,1875,67
2024-02-05,1900,82
2024-02-05,1925,105
2024-02-05,1950,92
2024-02-05,1975,58
2024-02-05,2000,34
2024-02-05,2025,20
2024-02-05,2050,5
2024-02-05,2075,17
2024-02-05,2100,19
2024-02-05,2125,6
2024-02-05,2150,9
2024-02-05,2175,14
2024-02-05,2200,31
2024-02-05,2225,11
2024-02-05,2250,8
2024-02-05,2275,3
2024-02-05,2300,17
2024-02-05,2325,8
2024-02-05,2350,10
2024-02-05,2375,4
2024-02-06,625,2
2024-02-06,650,5
2024-02-06,675,3
2024-02-06,700,3
2024-02-06,725,8
2024-02-06,750,9
2024-02-06,775,9
2024-02-06,800,28
2024-02-06,825,30
2024-02-06,850,28
2024-02-06,875,30
2024-02-06,900,64
2024-02-06,925,72
2024-02-06,950,69
2024-02-06,975,98
2024-02-06,1000,128
2024-02-06,1025,175
2024-02-06,1050,199
2024-02-06,1075,245
2024-02-06,1100,291
2024-02-06,1125,411
2024-02-06,1150,440
2024-02-06,1175,581
2024-02-06,1200,597
2024-02-06,1225,895
2024-02-06,1250,927
2024-02-06,1275,1211
2024-02-06,1300,1543
2024-02-06,1325,1402
2024-02-06,1350,2861
2024-02-06,1375,1839
2024-02-06,1400,3216
2024-02-06,1425,5625
2024-02-06,1450,2385
2024-02-06,1475,6041
2024-02-06,1500,18943
2024-02-06,1525,5519
2024-02-06,1550,9122
2024-02-06,1575,4796
2024-02-06,1600,4464
2024-02-06,1625,4652
2024-02-06,1650,3216
2024-02-06,1675,2581
2024-02-06,1700,2056
2024-02-06,1725,1458
2024-02-06,1750,1042
2024-02-06,1775,779
2024-02-06,1800,590
2024-02-06,1825,391
2024-02-06,1850,235
2024-02-06,1875,138
2024-02-06,1900,94
2024-02-06,1925,81
2024-02-06,1950,59
2024-02-06,1975,45
2024-02-06,2000,50
2024-02-06,2025,50
2024-02-06,2050,19
2024-02-06,2075,20
2024-02-06,2100,29
2024-02-06,2125,27
2024-02-06,2150,4
2024-02-06,2175,6
2024-02-06,2200,2
2024-02-06,2225,12
2024-02-06,2250,32
2024-02-06,2275,19
2024-02-06,2375,11
2024-02-06,2400,31
2024-02-06,2425,1
2024-02-07,675,2
2024-02-07,700,3
2024-02-07,725,9
2024-02-07,750,17
2024-02-07,775,14
2024-02-07,800,37
2024-02-07,825,35
2024-02-07,850,49
2024-02-07,875,49
2024-02-07,900,63
2024-02-07,925,103
2024-02-07,950,115
2024-02-07,975,126
2024-02-07,1000,162
2024-02-07,1025,213
2024-02-07,1050,299
2024-02-07,1075,349
2024-02-07,1100,396
2024-02-07,1125,420
2024-02-07,1150,511
2024-02-07,1175,679
2024-02-07,1200,727
2024-02-07,1225,1002
2024-02-07,1250,945
2024-02-07,1275,1322
2024-02-07,1300,1514
2024-02-07,1325,1442
2024-02-07,1350,2646
2024-02-07,1375,1746
2024-02-07,1400,3249
2024-02-07,1425,4264
2024-02-07,1450,2311
2024-02-07,1475,5056
2024-02-07,1500,14663
2024-02-07,1525,5240
2024-02-07,1550,7601
2024-02-07,1575,4751
2024-02-07,1600,4004
2024-02-07,1625,3893
2024-02-07,1650,3012
2024-02-07,1675,2442
2024-02-07,1700,1876
2024-02-07,1725,1363
2024-02-07,1750,1059
2024-02-07,1775,761
2024-02-07,1800,569
2024-02-07,1825,455
2024-02-07,1850,277
2024-02-07,1875,124
2024-02-07,1900,81
2024-02-07,1925,23
2024-02-07,1950,26
2024-02-07,1975,68
2024-02-07,2000,64
2024-02-07,2025,37
2024-02-07,2050,50
2024-02-07,2075,36
2024-02-07,2100,24
2024-02-07,2125,38
2024-02-07,2150,34
2024-02-07,2175,7
2024-02-07,2225,15
2024-02-07,2250,35
2024-02-07,2275,7
2024-02-07,2400,2
2024-02-07,2425,10
2024-02-07,2450,16
2024-02-08,650,1
2024-02-08,675,1
2024-02-08,700,4
2024-02-08,725,6
2024-02-08,750,19
2024-02-08,775,39
2024-02-08,800,32
2024-02-08,825,42
2024-02-08,850,43
2024-02-08,875,39
2024-02-08,900,53
2024-02-08,925,63
2024-02-08,950,108
2024-02-08,975,131
2024-02-08,1000,168
2024-02-08,1025,191
2024-02-08,1050,241
2024-02-08,1075,262
2024-02-08,1100,298
2024-02-08,1125,373
2024-02-08,1150,469
2024-02-08,1175,565
2024-02-08,1200,657
2024-02-08,1225,801
2024-02-08,1250,754
2024-02-08,1275,1134
2024-02-08,1300,1108
2024-02-08,1325,1264
2024-02-08,1350,2078
2024-02-08,1375,1360
2024-02-08,1400,2794
2024-02-08,1425,3064
2024-02-08,1450,1914
2024-02-08,1475,3653
2024-02-08,1500,10671
2024-02-08,1525,4207
2024-02-08,1550,5478
2024-02-08,1575,3850
2024-02-08,1600,3273
2024-02-08,1625,3248
2024-02-08,1650,2571
2024-02-08,1675,2058
2024-02-08,1700,1697
2024-02-08,1725,1149
2024-02-08,1750,898
2024-02-08,1775,725
2024-02-08,1800,446
2024-02-08,1825,396
2024-02-08,1850,315
2024-02-08,1875,225
2024-02-08,1900,126
2024-02-08,1925,78
2024-02-08,1950,62
2024-02-08,1975,52
2024-02-08,2000,32
2024-02-08,2025,24
2024-02-08,2050,28
2024-02-08,2075,39
2024-02-08,2100,49
2024-02-08,2125,42
2024-02-08,2150,17
2024-02-08,2175,5
2024-02-08,2200,13
2024-02-08,2225,9
2024-02-08,2250,17
2024-02-08,2275,18
2024-02-08,2300,14
2024-02-08,2325,25
2024-02-08,2350,16
2024-02-08,2375,11
2024-02-08,2475,19
2024-02-08,2500,4
2024-02-09,650,1
2024-02-09,675,4
2024-02-09,725,4
2024-02-09,750,11
2024-02-09,775,63
2024-02-09,800,66
2024-02-09,825,55
2024-02-09,850,35
2024-02-09,875,53
2024-02-09,900,63
2024-02-09,925,75
2024-02-09,950,87
2024-02-09,975,141
2024-02-09,1000,196
2024-02-09,1025,192
2024-02-09,1050,253
2024-02-09,1075,295
2024-02-09,1100,315
2024-02-09,1125,368
2024-02-09,1150,405
2024-02-09,1175,495
2024-02-09,1200,579
2024-02-09,1225,848
2024-02-09,1250,730
2024-02-09,1275,1051
2024-02-09,1300,938
2024-02-09,1325,1171
2024-02-09,1350,1775
2024-02-09,1375,1116
2024-02-09,1400,2624
2024-02-09,1425,2588
2024-02-09,1450,1736
2024-02-09,1475,3227
2024-02-09,1500,9033
2024-02-09,1525,3890
2024-02-09,1550,4531
2024-02-09,1575,3412
2024-02-09,1600,2980
2024-02-09,1625,2552
2024-02-09,1650,2264
2024-02-09,1675,1795
2024-02-09,1700,1606
2024-02-09,1725,1365
2024-02-09,1750,1044
2024-02-09,1775,814
2024-02-09,1800,477
2024-02-09,1825,396
2024-02-09,1850,300
2024-02-09,1875,176
2024-02-09,1900,190
2024-02-09,1925,120
2024-02-09,1950,91
2024-02-09,1975,46
2024-02-09,2000,23
2024-02-09,2025,37
2024-02-09,2050,11
2024-02-09,2075,21
2024-02-09,2100,33
2024-02-09,2125,35
2024-02-09,2150,12
2024-02-09,2175,7
2024-02-09,2200,10
2024-02-09,2225,14
2024-02-09,2250,13
2024-02-09,2275,22
2024-02-09,2300,20
2024-02-09,2325,29
2024-02-09,2350,16
2024-02-09,2375,5
2024-02-10,675,3
2024-02-10,700,5
2024-02-10,725,15
2024-02-10,750,37
2024-02-10,775,30
2024-02-10,800,40
2024-02-10,825,43
2024-02-10,850,50
2024-02-10,875,50
2024-02-10,900,66
2024-02-10,925,113
2024-02-10,950,132
2024-02-10,975,127
2024-02-10,1000,173
2024-02-10,1025,237
2024-02-10,1050,330
2024-02-10,1075,335
2024-02-10,1100,397
2024-02-10,1125,427
2024-02-10,1150,520
2024-02-10,1175,558
2024-02-10,1200,667
2024-02-10,1225,828
2024-02-10,1250,758
2024-02-10,1275,1220
2024-02-10,1300,1005
2024-02-10,1325,1316
2024-02-10,1350,1810
2024-02-10,1375,1225
2024-02-10,1400,2627
2024-02-10,1425,2587
2024-02-10,1450,1678
2024-02-10,1475,3196
2024-02-10,1500,8989
2024-02-10,1525,4055
2024-02-10,1550,4617
2024-02-10,1575,3395
2024-02-10,1600,2989
2024-02-10,1625,2728
2024-02-10,1650,2258
2024-02-10,1675,1877
2024-02-10,1700,1545
2024-02-10,1725,1202
2024-02-10,1750,924
2024-02-10,1775,748
2024-02-10,1800,552
2024-02-10,1825,454
2024-02-10,1850,299
2024-02-10,1875,207
2024-02-10,1900,96
2024-02-10,1925,66
2024-02-10,1950,60
2024-02-10,1975,64
2024-02-10,2000,33
2024-02-10,2025,26
2024-02-10,2050,6
2024-02-10,2075,11
2024-02-10,2100,18
2024-02-10,2125,1
2024-02-10,2250,2
2024-02-10,2275,6
2024-02-10,2300,6
2024-02-10,2500,7
2024-02-11,650,5
2024-02-11,700,2
2024-02-11,725,4
2024-02-11,750,13
2024-02-11,775,11
2024-02-11,800,24
2024-02-11,825,39
2024-02-11,850,47
2024-02-11,875,50
2024-02-11,900,63
2024-02-11,925,98
2024-02-11,950,83
2024-02-11,975,120
2024-02-11,1000,175
2024-02-11,1025,219
2024-02-11,1050,262
2024-02-11,1075,311
2024-02-11,1100,318
2024-02-11,1125,347
2024-02-11,1150,437
2024-02-11,1175,394
2024-02-11,1200,547
2024-02-11,1225,704
2024-02-11,1250,687
2024-02-11,1275,1007
2024-02-11,1300,795
2024-02-11,1325,1124
2024-02-11,1350,1427
2024-02-11,1375,983
2024-02-11,1400,2233
2024-02-11,1425,1982
2024-02-11,1450,1504
2024-02-11,1475,2543
2024-02-11,1500,7831
2024-02-11,1525,3553
2024-02-11,1550,3977
2024-02-11,1575,3175
2024-02-11,1600,2538
2024-02-11,1625,2352
2024-02-11,1650,1832
2024-02-11,1675,1573
2024-02-11,1700,1352
2024-02-11,1725,1040
2024-02-11,1750,939
2024-02-11,1775,718
2024-02-11,1800,499
2024-02-11,1825,351
2024-02-11,1850,246
2024-02-11,1875,178
2024-02-11,1900,79
2024-02-11,1925,70
2024-02-11,1950,55
2024-02-11,1975,51
2024-02-11,2000,56
2024-02-11,2025,29
2024-02-11,2050,17
2024-02-11,2075,24
2024-02-11,2100,20
2024-02-11,2125,13
2024-02-11,2150,9
2024-02-11,2175,7
2024-02-11,2200,5
2024-02-11,2225,6
2024-02-11,2250,13
2024-02-12,625,4
2024-02-12,650,9
2024-02-12,675,3
2024-02-12,700,1
2024-02-12,725,4
2024-02-12,750,8
2024-02-12,775,12
2024-02-12,800,13
2024-02-12,825,27
2024-02-12,850,37
2024-02-12,875,30
2024-02-12,900,23
2024-02-12,925,38
2024-02-12,950,57
2024-02-12,975,72
2024-02-12,1000,81
2024-02-12,1025,90
2024-02-12,1050,140
2024-02-12,1075,162
2024-02-12,1100,189
2024-02-12,1125,198
2024-02-12,1150,235
2024-02-12,1175,255
2024-02-12,1200,328
2024-02-12,1225,302
2024-02-12,1250,341
2024-02-12,1275,455
2024-02-12,1300,381
2024-02-12,1325,646
2024-02-12,1350,706
2024-02-12,1375,620
2024-02-12,1400,1184
2024-02-12,1425,971
2024-02-12,1450,889
2024-02-12,1475,1345
2024-02-12,1500,3408
2024-02-12,1525,1894
2024-02-12,1550,2092
2024-02-12,1575,1906
2024-02-12,1600,1613
2024-02-12,1625,1498
2024-02-12,1650,1360
2024-02-12,1675,1166
2024-02-12,1700,971
2024-02-12,1725,775
2024-02-12,1750,676
2024-02-12,1775,566
2024-02-12,1800,397
2024-02-12,1825,284
2024-02-12,1850,175
2024-02-12,1875,128
2024-02-12,1900,94
2024-02-12,1925,77
2024-02-12,1950,49
2024-02-12,1975,35
2024-02-12,2000,34
2024-02-12,2025,31
2024-02-12,2050,37
2024-02-12,2075,31
2024-02-12,2100,18
2024-02-12,2125,8
2024-02-12,2175,6
2024-02-12,2200,8
2024-02-12,2225,4
2024-02-12,2500,25
2024-02-12,2525,4
2024-02-13,750,1
2024-02-13,800,8
2024-02-13,825,4
2024-02-13,850,3
2024-02-13,875,4
2024-02-13,900,5
2024-02-13,925,6
2024-02-13,950,34
2024-02-13,975,22
2024-02-13,1000,9
2024-02-13,1025,23
2024-02-13,1050,47
2024-02-13,1075,40
2024-02-13,1100,39
2024-02-13,1125,73
2024-02-13,1150,84
2024-02-13,1175,52
2024-02-13,1200,87
2024-02-13,1225,137
2024-02-13,1250,109
2024-02-13,1275,111
2024-02-13,1300,139
2024-02-13,1325,180
2024-02-13,1350,185
2024-02-13,1375,199
2024-02-13,1400,350
2024-02-13,1425,286
2024-02-13,1450,288
2024-02-13,1475,444
2024-02-13,1500,758
2024-02-13,1525,727
2024-02-13,1550,775
2024-02-13,1575,796
2024-02-13,1600,780
2024-02-13,1625,790
2024-02-13,1650,762
2024-02-13,1675,692
2024-02-13,1700,618
2024-02-13,1725,559
2024-02-13,1750,494
2024-02-13,1775,413
2024-02-13,1800,336
2024-02-13,1825,279
2024-02-13,1850,214
2024-02-13,1875,150
2024-02-13,1900,113
2024-02-13,1925,87
2024-02-13,1950,32
2024-02-13,1975,47
2024-02-13,2000,26
2024-02-13,2025,30
2024-02-13,2050,34
2024-02-13,2075,41
2024-02-13,2100,27
2024-02-13,2125,17
2024-02-13,2150,3
2024-02-13,2200,7
2024-02-13,2225,17
2024-02-13,2500,26
2024-02-13,2525,1
2024-02-14,750,1
2024-02-14,850,1
2024-02-14,875,6
2024-02-14,900,11
2024-02-14,925,13
2024-02-14,950,13
2024-02-14,975,10
2024-02-14,1000,14
2024-02-14,1025,23
2024-02-14,1050,44
2024-02-14,1075,32
2024-02-14,1100,30
2024-02-14,1125,32
2024-02-14,1150,32
2024-02-14,1175,44
2024-02-14,1200,63
2024-02-14,1225,58
2024-02-14,1250,58
2024-02-14,1275,85
2024-02-14,1300,96
2024-02-14,1325,141
2024-02-14,1350,138
2024-02-14,1375,179
2024-02-14,1400,306
2024-02-14,1425,276
2024-02-14,1450,274
2024-02-14,1475,331
2024-02-14,1500,444
2024-02-14,1525,468
2024-02-14,1550,598
2024-02-14,1575,614
2024-02-14,1600,551
2024-02-14,1625,555
2024-02-14,1650,549
2024-02-14,1675,562
2024-02-14,1700,541
2024-02-14,1725,504
2024-02-14,1750,395
2024-02-14,1775,301
2024-02-14,1800,245
2024-02-14,1825,240
2024-02-14,1850,254
2024-02-14,1875,181
2024-02-14,1900,130
2024-02-14,1925,116
2024-02-14,1950,70
2024-02-14,1975,42
2024-02-14,2000,27
2024-02-14,2025,19
2024-02-14,2050,19
2024-02-14,2075,37
2024-02-14,2100,16
2024-02-14,2125,15
2024-02-14,2150,22
2024-02-14,2175,7
2024-02-14,2225,5
2024-02-14,2250,22
2024-02-15,725,3
2024-02-15,750,1
2024-02-15,775,1
2024-02-15,875,4
2024-02-15,900,8
2024-02-15,925,12
2024-02-15,950,19
2024-02-15,975,14
2024-02-15,1000,17
2024-02-15,1025,9
2024-02-15,1050,28
2024-02-15,1075,34
2024-02-15,1100,27
2024-02-15,1125,40
2024-02-15,1150,44
2024-02-15,1175,67
2024-02-15,1200,82
2024-02-15,1225,91
2024-02-15,1250,71
2024-02-15,1275,117
2024-02-15,1300,131
2024-02-15,1325,164
2024-02-15,1350,193
2024-02-15,1375,168
2024-02-15,1400,264
2024-02-15,1425,243
2024-02-15,1450,281
2024-02-15,1475,379
2024-02-15,1500,510
2024-02-15,1525,501
2024-02-15,1550,679
2024-02-15,1575,689
2024-02-15,1600,651
2024-02-15,1625,616
2024-02-15,1650,672
2024-02-15,1675,549
2024-02-15,1700,543
2024-02-15,1725,469
2024-02-15,1750,452
2024-02-15,1775,384
2024-02-15,1800,317
2024-02-15,1825,268
2024-02-15,1850,231
2024-02-15,1875,146
2024-02-15,1900,92
2024-02-15,1925,103
2024-02-15,1950,68
2024-02-15,1975,46
2024-02-15,2000,34
2024-02-15,2025,31
2024-02-15,2050,15
2024-02-15,2075,32
2024-02-15,2100,28
2024-02-15,2125,5
2024-02-15,2150,8
2024-02-15,2175,13
2024-02-15,2200,14
2024-02-15,2225,5
2024-02-15,2250,8
2024-02-15,2275,4
2024-02-15,2500,3
2024-02-15,2525,8
2024-02-16,850,2
2024-02-16,875,7
2024-02-16,900,8
2024-02-16,925,12
2024-02-16,950,8
2024-02-16,975,4
2024-02-16,1000,15
2024-02-16,1025,23
2024-02-16,1050,40
2024-02-16,1075,28
2024-02-16,1100,40
2024-02-16,1125,71
2024-02-16,1150,85
2024-02-16,1175,87
2024-02-16,1200,116
2024-02-16,1225,127
2024-02-16,1250,122
2024-02-16,1275,126
2024-02-16,1300,122
2024-02-16,1325,150
2024-02-16,1350,201
2024-02-16,1375,145
2024-02-16,1400,228
2024-02-16,1425,249
2024-02-16,1450,241
2024-02-16,1475,324
2024-02-16,1500,510
2024-02-16,1525,467
2024-02-16,1550,588
2024-02-16,1575,626
2024-02-16,1600,691
2024-02-16,1625,623
2024-02-16,1650,593
2024-02-16,1675,567
2024-02-16,1700,576
2024-02-16,1725,443
2024-02-16,1750,411
2024-02-16,1775,361
2024-02-16,1800,203
2024-02-16,1825,168
2024-02-16,1850,179
2024-02-16,1875,179
2024-02-16,1900,109
2024-02-16,1925,64
2024-02-16,1950,49
2024-02-16,1975,37
2024-02-16,2000,40
2024-02-16,2025,30
2024-02-16,2050,21
2024-02-16,2075,12
2024-02-16,2100,8
2024-02-16,2125,12
2024-02-16,2150,12
2024-02-16,2175,4
2024-02-16,2200,5
2024-02-16,2225,7
2024-02-16,2250,5
2024-02-16,2275,1
2024-02-17,675,4
2024-02-17,700,2
2024-02-17,825,5
2024-02-17,850,11
2024-02-17,875,15
2024-02-17,900,16
2024-02-17,925,9
2024-02-17,950,5
2024-02-17,975,5
2024-02-17,1000,14
2024-02-17,1025,31
2024-02-17,1050,34
2024-02-17,1075,46
2024-02-17,1100,75
2024-02-17,1125,76
2024-02-17,1150,83
2024-02-17,1175,75
2024-02-17,1200,91
2024-02-17,1225,122
2024-02-17,1250,155
2024-02-17,1275,143
2024-02-17,1300,149
2024-02-17,1325,176
2024-02-17,1350,181
2024-02-17,1375,185
2024-02-17,1400,355
2024-02-17,1425,350
2024-02-17,1450,315
2024-02-17,1475,409
2024-02-17,1500,664
2024-02-17,1525,566
2024-02-17,1550,757
2024-02-17,1575,784
2024-02-17,1600,697
2024-02-17,1625,657
2024-02-17,1650,454
2024-02-17,1675,493
2024-02-17,1700,544
2024-02-17,1725,448
2024-02-17,1750,430
2024-02-17,1775,341
2024-02-17,1800,232
2024-02-17,1825,209
2024-02-17,1850,254
2024-02-17,1875,152
2024-02-17,1900,117
2024-02-17,1925,96
2024-02-17,1950,102
2024-02-17,1975,57
2024-02-17,2000,25
2024-02-17,2025,16
2024-02-17,2050,25
2024-02-17,2075,31
2024-02-17,2100,50
2024-02-17,2125,47
2024-02-17,2150,11
2024-02-17,2225,4
2024-02-17,2250,13
2024-02-17,2275,9
2024-02-18,700,4
2024-02-18,750,2
2024-02-18,775,3
2024-02-18,800,1
2024-02-18,825,1
2024-02-18,850,2
2024-02-18,875,4
2024-02-18,925,6
2024-02-18,950,7
2024-02-18,975,12
2024-02-18,1000,9
2024-02-18,1025,27
2024-02-18,1050,40
2024-02-18,1075,64
2024-02-18,1100,87
2024-02-18,1125,77
2024-02-18,1150,73
2024-02-18,1175,93
2024-02-18,1200,122
2024-02-18,1225,106
2024-02-18,1250,121
2024-02-18,1275,154
2024-02-18,1300,130
2024-02-18,1325,175
2024-02-18,1350,228
2024-02-18,1375,218
2024-02-18,1400,310
2024-02-18,1425,275
2024-02-18,1450,353
2024-02-18,1475,420
2024-02-18,1500,582
2024-02-18,1525,542
2024-02-18,1550,655
2024-02-18,1575,709
2024-02-18,1600,738
2024-02-18,1625,653
2024-02-18,1650,576
2024-02-18,1675,527
2024-02-18,1700,484
2024-02-18,1725,501
2024-02-18,1750,431
2024-02-18,1775,357
2024-02-18,1800,290
2024-02-18,1825,201
2024-02-18,1850,200
2024-02-18,1875,209
2024-02-18,1900,133
2024-02-18,1925,93
2024-02-18,1950,73
2024-02-18,1975,46
2024-02-18,2000,63
2024-02-18,2025,42
2024-02-18,2050,35
2024-02-18,2075,25
2024-02-18,2100,39
2024-02-18,2125,30
2024-02-18,2150,17
2024-02-18,2175,5
2024-02-18,2250,4
2024-02-19,675,4
2024-02-19,800,13
2024-02-19,825,15
2024-02-19,850,10
2024-02-19,875,6
2024-02-19,900,9
2024-02-19,925,9
2024-02-19,950,12
2024-02-19,975,18
2024-02-19,1000,34
2024-02-19,1025,47
2024-02-19,1050,38
2024-02-19,1075,50
2024-02-19,1100,60
2024-02-19,1125,67
2024-02-19,1150,74
2024-02-19,1175,79
2024-02-19,1200,99
2024-02-19,1225,95
2024-02-19,1250,143
2024-02-19,1275,106
2024-02-19,1300,139
2024-02-19,1325,172
2024-02-19,1350,221
2024-02-19,1375,223
2024-02-19,1400,286
2024-02-19,1425,250
2024-02-19,1450,362
2024-02-19,1475,459
2024-02-19,1500,523
2024-02-19,1525,456
2024-02-19,1550,562
2024-02-19,1575,639
2024-02-19,1600,530
2024-02-19,1625,522
2024-02-19,1650,495
2024-02-19,1675,529
2024-02-19,1700,476
2024-02-19,1725,403
2024-02-19,1750,359
2024-02-19,1775,353
2024-02-19,1800,345
2024-02-19,1825,230
2024-02-19,1850,166
2024-02-19,1875,212
2024-02-19,1900,102
2024-02-19,1925,106
2024-02-19,1950,110
2024-02-19,1975,85
2024-02-19,2000,67
2024-02-19,2025,37
2024-02-19,2050,26
2024-02-19,2075,34
2024-02-19,2100,40
2024-02-19,2125,52
2024-02-19,2150,66
2024-02-19,2175,21
2024-02-20,650,1
2024-02-20,675,3
2024-02-20,775,5
2024-02-20,800,1
2024-02-20,825,3
2024-02-20,850,1
2024-02-20,875,13
2024-02-20,900,7
2024-02-20,925,7
2024-02-20,950,15
2024-02-20,975,8
2024-02-20,1000,17
2024-02-20,1025,18
2024-02-20,1050,33
2024-02-20,1075,23
2024-02-20,1100,45
2024-02-20,1125,20
2024-02-20,1150,48
2024-02-20,1175,40
2024-02-20,1200,57
2024-02-20,1225,90
2024-02-20,1250,96
2024-02-20,1275,101
2024-02-20,1300,108
2024-02-20,1325,116
2024-02-20,1350,131
2024-02-20,1375,139
2024-02-20,1400,199
2024-02-20,1425,228
2024-02-20,1450,247
2024-02-20,1475,322
2024-02-20,1500,457
2024-02-20,1525,344
2024-02-20,1550,458
2024-02-20,1575,541
2024-02-20,1600,418
2024-02-20,1625,498
2024-02-20,1650,464
2024-02-20,1675,408
2024-02-20,1700,448
2024-02-20,1725,419
2024-02-20,1750,368
2024-02-20,1775,272
2024-02-20,1800,294
2024-02-20,1825,244
2024-02-20,1850,164
2024-02-20,1875,192
2024-02-20,1900,117
2024-02-20,1925,78
2024-02-20,1950,103
2024-02-20,1975,60
2024-02-20,2000,48
2024-02-20,2025,49
2024-02-20,2050,40
2024-02-20,2075,34
2024-02-20,2100,29
2024-02-20,2125,13
2024-02-20,2150,28
2024-02-20,2175,26
2024-02-20,2200,17
2024-02-20,2225,11
2024-02-20,2250,2
2024-02-21,675,2
2024-02-21,750,2
2024-02-21,775,5
2024-02-21,825,3
2024-02-21,850,13
2024-02-21,875,6
2024-02-21,900,4
2024-02-21,925,9
2024-02-21,950,10
2024-02-21,975,21
2024-02-21,1000,23
2024-02-21,1025,42
2024-02-21,1050,25
2024-02-21,1075,39
2024-02-21,1100,36
2024-02-21,1125,32
2024-02-21,1150,30
2024-02-21,1175,47
2024-02-21,1200,50
2024-02-21,1225,77
2024-02-21,1250,68
2024-02-21,1275,82
2024-02-21,1300,112
2024-02-21,1325,131
2024-02-21,1350,109
2024-02-21,1375,98
2024-02-21,1400,162
2024-02-21,1425,183
2024-02-21,1450,194
2024-02-21,1475,226
2024-02-21,1500,336
2024-02-21,1525,271
2024-02-21,1550,346
2024-02-21,1575,361
2024-02-21,1600,396
2024-02-21,1625,511
2024-02-21,1650,427
2024-02-21,1675,333
2024-02-21,1700,388
2024-02-21,1725,412
2024-02-21,1750,366
2024-02-21,1775,264
2024-02-21,1800,179
2024-02-21,1825,163
2024-02-21,1850,188
2024-02-21,1875,147
2024-02-21,1900,140
2024-02-21,1925,115
2024-02-21,1950,59
2024-02-21,1975,32
2024-02-21,2000,53
2024-02-21,2025,80
2024-02-21,2050,44
2024-02-21,2075,11
2024-02-21,2100,28
2024-02-21,2125,32
2024-02-21,2150,31
2024-02-21,2175,23
2024-02-21,2200,6
2024-02-21,2225,6
2024-02-21,2250,5
2024-02-22,650,3
2024-02-22,675,3
2024-02-22,800,2
2024-02-22,825,6
2024-02-22,850,9
2024-02-22,875,4
2024-02-22,900,2
2024-02-22,925,4
2024-02-22,950,7
2024-02-22,975,19
2024-02-22,1000,15
2024-02-22,1025,31
2024-02-22,1050,14
2024-02-22,1075,37
2024-02-22,1100,27
2024-02-22,1125,25
2024-02-22,1150,36
2024-02-22,1175,52
2024-02-22,1200,60
2024-02-22,1225,40
2024-02-22,1250,67
2024-02-22,1275,74
2024-02-22,1300,101
2024-02-22,1325,152
2024-02-22,1350,111
2024-02-22,1375,86
2024-02-22,1400,175
2024-02-22,1425,231
2024-02-22,1450,220
2024-02-22,1475,238
2024-02-22,1500,336
2024-02-22,1525,356
2024-02-22,1550,367
2024-02-22,1575,342
2024-02-22,1600,401
2024-02-22,1625,401
2024-02-22,1650,392
2024-02-22,1675,392
2024-02-22,1700,342
2024-02-22,1725,286
2024-02-22,1750,333
2024-02-22,1775,226
2024-02-22,1800,217
2024-02-22,1825,194
2024-02-22,1850,175
2024-02-22,1875,180
2024-02-22,1900,87
2024-02-22,1925,53
2024-02-22,1950,54
2024-02-22,1975,46
2024-02-22,2000,59
2024-02-22,2025,50
2024-02-22,2050,58
2024-02-22,2075,34
2024-02-22,2100,19
2024-02-22,2125,20
2024-02-22,2150,33
2024-02-22,2175,30
2024-02-22,2200,12
2024-02-22,2225,2
2024-02-22,2250,7
2024-02-22,2275,3
2024-02-23,650,5
2024-02-23,800,9
2024-02-23,825,3
2024-02-23,875,3
2024-02-23,900,6
2024-02-23,925,11
2024-02-23,950,18
2024-02-23,975,23
2024-02-23,1000,21
2024-02-23,1025,35
2024-02-23,1050,32
2024-02-23,1075,41
2024-02-23,1100,19
2024-02-23,1125,22
2024-02-23,1150,35
2024-02-23,1175,62
2024-02-23,1200,77
2024-02-23,1225,69
2024-02-23,1250,82
2024-02-23,1275,109
2024-02-23,1300,99
2024-02-23,1325,142
2024-02-23,1350,185
2024-02-23,1375,146
2024-02-23,1400,195
2024-02-23,1425,256
2024-02-23,1450,256
2024-02-23,1475,296
2024-02-23,1500,357
2024-02-23,1525,330
2024-02-23,1550,455
2024-02-23,1575,387
2024-02-23,1600,412
2024-02-23,1625,403
2024-02-23,1650,442
2024-02-23,1675,337
2024-02-23,1700,305
2024-02-23,1725,278
2024-02-23,1750,271
2024-02-23,1775,228
2024-02-23,1800,253
2024-02-23,1825,193
2024-02-23,1850,126
2024-02-23,1875,148
2024-02-23,1900,117
2024-02-23,1925,87
2024-02-23,1950,81
2024-02-23,1975,29
2024-02-23,2000,77
2024-02-23,2025,45
2024-02-23,2050,66
2024-02-23,2075,72
2024-02-23,2100,26
2024-02-23,2125,32
2024-02-23,2150,46
2024-02-23,2175,45
2024-02-23,2200,37
2024-02-23,2225,13
2024-02-23,2250,6
2024-02-23,2275,11
2024-02-23,2300,9
2024-02-23,2325,3
2024-02-24,725,3
2024-02-24,750,5
2024-02-24,775,1
2024-02-24,800,3
2024-02-24,825,2
2024-02-24,850,3
2024-02-24,875,9
2024-02-24,900,20
2024-02-24,925,13
2024-02-24,950,16
2024-02-24,975,10
2024-02-24,1000,21
2024-02-24,1025,42
2024-02-24,1050,51
2024-02-24,1075,53
2024-02-24,1100,88
2024-02-24,1125,68
2024-02-24,1150,69
2024-02-24,1175,95
2024-02-24,1200,92
2024-02-24,1225,107
2024-02-24,1250,130
2024-02-24,1275,184
2024-02-24,1300,186
2024-02-24,1325,272
2024-02-24,1350,243
2024-02-24,1375,232
2024-02-24,1400,334
2024-02-24,1425,335
2024-02-24,1450,347
2024-02-24,1475,359
2024-02-24,1500,574
2024-02-24,1525,555
2024-02-24,1550,563
2024-02-24,1575,609
2024-02-24,1600,497
2024-02-24,1625,506
2024-02-24,1650,568
2024-02-24,1675,499
2024-02-24,1700,427
2024-02-24,1725,343
2024-02-24,1750,315
2024-02-24,1775,254
2024-02-24,1800,222
2024-02-24,1825,149
2024-02-24,1850,163
2024-02-24,1875,155
2024-02-24,1900,125
2024-02-24,1925,110
2024-02-24,1950,86
2024-02-24,1975,61
2024-02-24,2000,29
2024-02-24,2025,24
2024-02-24,2050,20
2024-02-24,2075,13
2024-02-24,2100,3
2024-02-24,2125,24
2024-02-24,2150,21
2024-02-24,2175,47
2024-02-24,2200,54
2024-02-24,2225,16
2024-02-24,2250,14
2024-02-24,2275,1
2024-02-24,2300,1
2024-02-24,2325,13
2024-02-25,650,1
2024-02-25,725,1
2024-02-25,750,8
2024-02-25,775,12
2024-02-25,800,2
2024-02-25,825,2
2024-02-25,850,6
2024-02-25,875,8
2024-02-25,900,5
2024-02-25,925,19
2024-02-25,950,27
2024-02-25,975,31
2024-02-25,1000,23
2024-02-25,1025,29
2024-02-25,1050,51
2024-02-25,1075,86
2024-02-25,1100,91
2024-02-25,1125,61
2024-02-25,1150,58
2024-02-25,1175,57
2024-02-25,1200,67
2024-02-25,1225,106
2024-02-25,1250,113
2024-02-25,1275,128
2024-02-25,1300,114
2024-02-25,1325,123
2024-02-25,1350,201
2024-02-25,1375,165
2024-02-25,1400,255
2024-02-25,1425,311
2024-02-25,1450,338
2024-02-25,1475,396
2024-02-25,1500,509
2024-02-25,1525,436
2024-02-25,1550,460
2024-02-25,1575,482
2024-02-25,1600,512
2024-02-25,1625,464
2024-02-25,1650,442
2024-02-25,1675,456
2024-02-25,1700,387
2024-02-25,1725,408
2024-02-25,1750,291
2024-02-25,1775,283
2024-02-25,1800,302
2024-02-25,1825,183
2024-02-25,1850,188
2024-02-25,1875,157
2024-02-25,1900,122
2024-02-25,1925,87
2024-02-25,1950,99
2024-02-25,1975,77
2024-02-25,2000,46
2024-02-25,2025,39
2024-02-25,2050,43
2024-02-25,2075,56
2024-02-25,2100,24
2024-02-25,2125,8
2024-02-25,2150,18
2024-02-25,2175,18
2024-02-25,2200,37
2024-02-25,2225,17
2024-02-25,2250,28
2024-02-25,2275,8
2024-02-25,2325,7
2024-02-25,2350,6
2024-02-25,2375,1
2024-02-26,725,3
2024-02-26,750,5
2024-02-26,775,5
2024-02-26,800,7
2024-02-26,825,16
2024-02-26,850,13
2024-02-26,875,7
2024-02-26,900,28
2024-02-26,925,20
2024-02-26,950,18
2024-02-26,975,15
2024-02-26,1000,25
2024-02-26,1025,26
2024-02-26,1050,26
2024-02-26,1075,44
2024-02-26,1100,51
2024-02-26,1125,29
2024-02-26,1150,65
2024-02-26,1175,56
2024-02-26,1200,60
2024-02-26,1225,73
2024-02-26,1250,91
2024-02-26,1275,118
2024-02-26,1300,109
2024-02-26,1325,134
2024-02-26,1350,125
2024-02-26,1375,132
2024-02-26,1400,230
2024-02-26,1425,265
2024-02-26,1450,246
2024-02-26,1475,277
2024-02-26,1500,370
2024-02-26,1525,392
2024-02-26,1550,389
2024-02-26,1575,401
2024-02-26,1600,360
2024-02-26,1625,351
2024-02-26,1650,337
2024-02-26,1675,324
2024-02-26,1700,288
2024-02-26,1725,280
2024-02-26,1750,313
2024-02-26,1775,292
2024-02-26,1800,242
2024-02-26,1825,155
2024-02-26,1850,170
2024-02-26,1875,142
2024-02-26,1900,139
2024-02-26,1925,114
2024-02-26,1950,108
2024-02-26,1975,39
2024-02-26,2000,36
2024-02-26,2025,35
2024-02-26,2050,12
2024-02-26,2075,10
2024-02-26,2100,24
2024-02-26,2125,19
2024-02-26,2150,24
2024-02-26,2175,24
2024-02-26,2200,32
2024-02-26,2225,14
2024-02-26,2250,13
2024-02-26,2275,5
2024-02-26,2300,4
2024-02-26,2375,6
2024-02-26,2400,3
2024-02-27,725,3
2024-02-27,750,9
2024-02-27,775,3
2024-02-27,800,7
2024-02-27,825,4
2024-02-27,850,6
2024-02-27,875,26
2024-02-27,900,15
2024-02-27,925,19
2024-02-27,950,13
2024-02-27,975,14
2024-02-27,1000,31
2024-02-27,1025,17
2024-02-27,1050,34
2024-02-27,1075,60
2024-02-27,1100,42
2024-02-27,1125,34
2024-02-27,1150,61
2024-02-27,1175,57
2024-02-27,1200,60
2024-02-27,1225,106
2024-02-27,1250,90
2024-02-27,1275,136
2024-02-27,1300,104
2024-02-27,1325,168
2024-02-27,1350,181
2024-02-27,1375,146
2024-02-27,1400,173
2024-02-27,1425,161
2024-02-27,1450,165
2024-02-27,1475,254
2024-02-27,1500,344
2024-02-27,1525,291
2024-02-27,1550,256
2024-02-27,1575,342
2024-02-27,1600,370
2024-02-27,1625,352
2024-02-27,1650,295
2024-02-27,1675,331
2024-02-27,1700,328
2024-02-27,1725,240
2024-02-27,1750,276
2024-02-27,1775,288
2024-02-27,1800,268
2024-02-27,1825,171
2024-02-27,1850,145
2024-02-27,1875,138
2024-02-27,1900,110
2024-02-27,1925,72
2024-02-27,1950,64
2024-02-27,1975,119
2024-02-27,2000,57
2024-02-27,2025,16
2024-02-27,2050,38
2024-02-27,2075,18
2024-02-27,2100,37
2024-02-27,2125,46
2024-02-27,2150,37
2024-02-27,2175,49
2024-02-27,2200,19
2024-02-27,2225,1
2024-02-27,2250,1
2024-02-27,2275,15
2024-02-27,2300,16
2024-02-27,2325,2
2024-02-27,2400,7
2024-02-27,2425,22
2024-02-27,2450,10
2024-02-28,725,5
2024-02-28,750,1
2024-02-28,775,5
2024-02-28,800,2
2024-02-28,825,1
2024-02-28,850,8
2024-02-28,875,10
2024-02-28,900,23
2024-02-28,925,8
2024-02-28,950,19
2024-02-28,975,24
2024-02-28,1000,30
2024-02-28,1025,24
2024-02-28,1050,20
2024-02-28,1075,23
2024-02-28,1100,31
2024-02-28,1125,17
2024-02-28,1150,31
2024-02-28,1175,54
2024-02-28,1200,76
2024-02-28,1225,66
2024-02-28,1250,61
2024-02-28,1275,89
2024-02-28,1300,107
2024-02-28,1325,118
2024-02-28,1350,190
2024-02-28,1375,144
2024-02-28,1400,199
2024-02-28,1425,155
2024-02-28,1450,179
2024-02-28,1475,233
2024-02-28,1500,243
2024-02-28,1525,197
2024-02-28,1550,223
2024-02-28,1575,290
2024-02-28,1600,295
2024-02-28,1625,345
2024-02-28,1650,305
2024-02-28,1675,246
2024-02-28,1700,264
2024-02-28,1725,253
2024-02-28,1750,283
2024-02-28,1775,272
2024-02-28,1800,161
2024-02-28,1825,124
2024-02-28,1850,175
2024-02-28,1875,109
2024-02-28,1900,164
2024-02-28,1925,109
2024-02-28,1950,95
2024-02-28,1975,71
2024-02-28,2000,76
2024-02-28,2025,43
2024-02-28,2050,27
2024-02-28,2075,17
2024-02-28,2100,10
2024-02-28,2125,17
2024-02-28,2150,39
2024-02-28,2175,24
2024-02-28,2200,33
2024-02-28,2225,37
2024-02-28,2250,15
2024-02-28,2300,2
2024-02-28,2325,11
2024-02-28,2450,5
2024-02-28,2475,7
2024-02-29,700,9
2024-02-29,725,3
2024-02-29,775,1
2024-02-29,825,8
2024-02-29,850,2
2024-02-29,875,6
2024-02-29,900,14
2024-02-29,925,23
2024-02-29,950,16
2024-02-29,975,14
2024-02-29,1000,23
2024-02-29,1025,20
2024-02-29,1050,20
2024-02-29,1075,16
2024-02-29,1100,33
2024-02-29,1125,43
2024-02-29,1150,21
2024-02-29,1175,27
2024-02-29,1200,46
2024-02-29,1225,57
2024-02-29,1250,65
2024-02-29,1275,68
2024-02-29,1300,92
2024-02-29,1325,99
2024-02-29,1350,152
2024-02-29,1375,118
2024-02-29,1400,189
2024-02-29,1425,238
2024-02-29,1450,259
2024-02-29,1475,211
2024-02-29,1500,253
2024-02-29,1525,244
2024-02-29,1550,209
2024-02-29,1575,230
2024-02-29,1600,240
2024-02-29,1625,244
2024-02-29,1650,191
2024-02-29,1675,244
2024-02-29,1700,222
2024-02-29,1725,210
2024-02-29,1750,156
2024-02-29,1775,184
2024-02-29,1800,232
2024-02-29,1825,197
2024-02-29,1850,165
2024-02-29,1875,132
2024-02-29,1900,165
2024-02-29,1925,107
2024-02-29,1950,119
2024-02-29,1975,121
2024-02-29,2000,79
2024-02-29,2025,14
2024-02-29,2050,10
2024-02-29,2075,36
2024-02-29,2100,36
2024-02-29,2125,34
2024-02-29,2150,27
2024-02-29,2175,15
2024-02-29,2200,22
2024-02-29,2225,31
2024-02-29,2250,26
2024-02-29,2275,32
2024-02-29,2300,10
2024-02-29,2325,4
2024-03-01,650,1
2024-03-01,675,3
2024-03-01,700,4
2024-03-01,750,1
2024-03-01,775,2
2024-03-01,800,1
2024-03-01,825,8
2024-03-01,850,2
2024-03-01,875,3
2024-03-01,900,6
2024-03-01,925,6
2024-03-01,950,3
2024-03-01,975,8
2024-03-01,1000,16
2024-03-01,1025,26
2024-03-01,1050,44
2024-03-01,1075,41
2024-03-01,1100,34
2024-03-01,1125,26
2024-03-01,1150,33
2024-03-01,1175,40
2024-03-01,1200,45
2024-03-01,1225,78
2024-03-01,1250,94
2024-03-01,1275,108
2024-03-01,1300,100
2024-03-01,1325,104
2024-03-01,1350,154
2024-03-01,1375,152
2024-03-01,1400,200
2024-03-01,1425,241
2024-03-01,1450,208
2024-03-01,1475,248
2024-03-01,1500,319
2024-03-01,1525,305
2024-03-01,1550,292
2024-03-01,1575,331
2024-03-01,1600,279
2024-03-01,1625,252
2024-03-01,1650,276
2024-03-01,1675,265
2024-03-01,1700,298
2024-03-01,1725,237
2024-03-01,1750,179
2024-03-01,1775,178
2024-03-01,1800,171
2024-03-01,1825,144
2024-03-01,1850,143
2024-03-01,1875,123
2024-03-01,1900,174
2024-03-01,1925,155
2024-03-01,1950,102
2024-03-01,1975,139
2024-03-01,2000,84
2024-03-01,2025,34
2024-03-01,2050,7
2024-03-01,2075,7
2024-03-01,2100,11
2024-03-01,2125,9
2024-03-01,2150,11
2024-03-01,2175,22
2024-03-01,2200,28
2024-03-01,2225,21
2024-03-01,2250,25
2024-03-01,2275,14
2024-03-01,2300,11
2024-03-01,2325,2
2024-03-01,2350,2
2024-03-02,675,9
2024-03-02,725,1
2024-03-02,775,3
2024-03-02,800,2
2024-03-02,825,5
2024-03-02,850,11
2024-03-02,875,2
2024-03-02,900,8
2024-03-02,925,5
2024-03-02,950,21
2024-03-02,975,15
2024-03-02,1000,16
2024-03-02,1025,26
2024-03-02,1050,28
2024-03-02,1075,39
2024-03-02,1100,35
2024-03-02,1125,50
2024-03-02,1150,78
2024-03-02,1175,72
2024-03-02,1200,77
2024-03-02,1225,83
2024-03-02,1250,91
2024-03-02,1275,137
2024-03-02,1300,137
2024-03-02,1325,181
2024-03-02,1350,168
2024-03-02,1375,197
2024-03-02,1400,268
2024-03-02,1425,264
2024-03-02,1450,325
2024-03-02,1475,268
2024-03-02,1500,346
2024-03-02,1525,309
2024-03-02,1550,329
2024-03-02,1575,308
2024-03-02,1600,286
2024-03-02,1625,217
2024-03-02,1650,231
2024-03-02,1675,235
2024-03-02,1700,291
2024-03-02,1725,207
2024-03-02,1750,203
2024-03-02,1775,286
2024-03-02,1800,223
2024-03-02,1825,177
2024-03-02,1850,174
2024-03-02,1875,148
2024-03-02,1900,118
2024-03-02,1925,105
2024-03-02,1950,76
2024-03-02,1975,95
2024-03-02,2000,63
2024-03-02,2025,40
2024-03-02,2050,30
2024-03-02,2075,10
2024-03-02,2100,4
2024-03-02,2125,14
2024-03-02,2150,21
2024-03-02,2175,25
2024-03-02,2200,20
2024-03-02,2225,6
2024-03-02,2250,9
2024-03-02,2275,14
2024-03-02,2350,4
2024-03-03,650,4
2024-03-03,675,3
2024-03-03,725,3
2024-03-03,800,5
2024-03-03,825,1
2024-03-03,875,1
2024-03-03,900,5
2024-03-03,925,8
2024-03-03,950,8
2024-03-03,975,6
2024-03-03,1000,20
2024-03-03,1025,36
2024-03-03,1050,36
2024-03-03,1075,45
2024-03-03,1100,52
2024-03-03,1125,77
2024-03-03,1150,64
2024-03-03,1175,37
2024-03-03,1200,89
2024-03-03,1225,69
2024-03-03,1250,60
2024-03-03,1275,110
2024-03-03,1300,108
2024-03-03,1325,133
2024-03-03,1350,158
2024-03-03,1375,190
2024-03-03,1400,273
2024-03-03,1425,271
2024-03-03,1450,260
2024-03-03,1475,246
2024-03-03,1500,311
2024-03-03,1525,211
2024-03-03,1550,291
2024-03-03,1575,304
2024-03-03,1600,318
2024-03-03,1625,263
2024-03-03,1650,322
2024-03-03,1675,269
2024-03-03,1700,209
2024-03-03,1725,185
2024-03-03,1750,161
2024-03-03,1775,200
2024-03-03,1800,301
2024-03-03,1825,192
2024-03-03,1850,161
2024-03-03,1875,134
2024-03-03,1900,103
2024-03-03,1925,92
2024-03-03,1950,61
2024-03-03,1975,44
2024-03-03,2000,43
2024-03-03,2025,36
2024-03-03,2050,25
2024-03-03,2075,15
2024-03-03,2100,3
2024-03-03,2150,7
2024-03-03,2175,28
2024-03-03,2200,24
2024-03-03,2225,26
2024-03-03,2250,14
2024-03-03,2275,5
2024-03-04,725,2
2024-03-04,800,1
2024-03-04,850,2
2024-03-04,875,5
2024-03-04,900,4
2024-03-04,925,16
2024-03-04,950,19
2024-03-04,975,12
2024-03-04,1000,26
2024-03-04,1025,18
2024-03-04,1050,22
2024-03-04,1075,17
2024-03-04,1100,34
2024-03-04,1125,48
2024-03-04,1150,28
2024-03-04,1175,30
2024-03-04,1200,42
2024-03-04,1225,43
2024-03-04,1250,38
2024-03-04,1275,53
2024-03-04,1300,64
2024-03-04,1325,118
2024-03-04,1350,126
2024-03-04,1375,100
2024-03-04,1400,146
2024-03-04,1425,161
2024-03-04,1450,183
2024-03-04,1475,175
2024-03-04,1500,195
2024-03-04,1525,161
2024-03-04,1550,201
2024-03-04,1575,262
2024-03-04,1600,237
2024-03-04,1625,191
2024-03-04,1650,261
2024-03-04,1675,254
2024-03-04,1700,196
2024-03-04,1725,167
2024-03-04,1750,136
2024-03-04,1775,132
2024-03-04,1800,190
2024-03-04,1825,165
2024-03-04,1850,113
2024-03-04,1875,89
2024-03-04,1900,92
2024-03-04,1925,117
2024-03-04,1950,62
2024-03-04,1975,45
2024-03-04,2000,46
2024-03-04,2025,54
2024-03-04,2050,28
2024-03-04,2075,8
2024-03-04,2100,22
2024-03-04,2125,11
2024-03-04,2150,4
2024-03-04,2175,22
2024-03-04,2200,6
2024-03-04,2225,22
2024-03-04,2250,11
2024-03-04,2275,14
2024-03-04,2300,5
2024-03-05,650,3
2024-03-05,675,1
2024-03-05,700,1
2024-03-05,725,1
2024-03-05,800,17
2024-03-05,825,11
2024-03-05,850,16
2024-03-05,875,5
2024-03-05,900,3
2024-03-05,925,11
2024-03-05,950,9
2024-03-05,975,24
2024-03-05,1000,10
2024-03-05,1025,10
2024-03-05,1050,21
2024-03-05,1075,32
2024-03-05,1100,43
2024-03-05,1125,56
2024-03-05,1150,71
2024-03-05,1175,47
2024-03-05,1200,37
2024-03-05,1225,46
2024-03-05,1250,53
2024-03-05,1275,41
2024-03-05,1300,65
2024-03-05,1325,77
2024-03-05,1350,103
2024-03-05,1375,98
2024-03-05,1400,125
2024-03-05,1425,151
2024-03-05,1450,171
2024-03-05,1475,138
2024-03-05,1500,159
2024-03-05,1525,170
2024-03-05,1550,236
2024-03-05,1575,211
2024-03-05,1600,203
2024-03-05,1625,181
2024-03-05,1650,133
2024-03-05,1675,170
2024-03-05,1700,156
2024-03-05,1725,183
2024-03-05,1750,190
2024-03-05,1775,144
2024-03-05,1800,124
2024-03-05,1825,139
2024-03-05,1850,118
2024-03-05,1875,93
2024-03-05,1900,121
2024-03-05,1925,115
2024-03-05,1950,105
2024-03-05,1975,70
2024-03-05,2000,30
2024-03-05,2025,12
2024-03-05,2050,23
2024-03-05,2075,34
2024-03-05,2100,33
2024-03-05,2125,26
2024-03-05,2150,13
2024-03-05,2175,26
2024-03-05,2200,10
2024-03-05,2225,13
2024-03-05,2250,15
2024-03-05,2275,10
2024-03-05,2300,5
2024-03-06,650,1
2024-03-06,675,10
2024-03-06,700,2
2024-03-06,725,1
2024-03-06,775,3
2024-03-06,800,15
2024-03-06,825,13
2024-03-06,850,7
2024-03-06,875,4
2024-03-06,900,9
2024-03-06,925,6
2024-03-06,950,14
2024-03-06,975,18
2024-03-06,1000,6
2024-03-06,1025,15
2024-03-06,1050,12
2024-03-06,1075,17
2024-03-06,1100,40
2024-03-06,1125,44
2024-03-06,1150,54
2024-03-06,1175,63
2024-03-06,1200,45
2024-03-06,1225,37
2024-03-06,1250,40
2024-03-06,1275,37
2024-03-06,1300,81
2024-03-06,1325,116
2024-03-06,1350,119
2024-03-06,1375,101
2024-03-06,1400,114
2024-03-06,1425,139
2024-03-06,1450,106
2024-03-06,1475,169
2024-03-06,1500,189
2024-03-06,1525,164
2024-03-06,1550,171
2024-03-06,1575,164
2024-03-06,1600,137
2024-03-06,1625,158
2024-03-06,1650,145
2024-03-06,1675,156
2024-03-06,1700,144
2024-03-06,1725,160
2024-03-06,1750,157
2024-03-06,1775,122
2024-03-06,1800,112
2024-03-06,1825,106
2024-03-06,1850,116
2024-03-06,1875,91
2024-03-06,1900,59
2024-03-06,1925,76
2024-03-06,1950,79
2024-03-06,1975,49
2024-03-06,2000,50
2024-03-06,2025,72
2024-03-06,2050,80
2024-03-06,2075,34
2024-03-06,2100,17
2024-03-06,2125,18
2024-03-06,2150,17
2024-03-06,2175,21
2024-03-06,2200,13
2024-03-06,2225,18
2024-03-06,2250,22
2024-03-06,2275,25
2024-03-06,2300,14
2024-03-06,2325,7
2024-03-06,2350,9
2024-03-07,700,4
2024-03-07,725,3
2024-03-07,775,4
2024-03-07,800,11
2024-03-07,825,6
2024-03-07,850,4
2024-03-07,875,4
2024-03-07,900,2
2024-03-07,925,10
2024-03-07,950,5
2024-03-07,975,9
2024-03-07,1000,18
2024-03-07,1025,14
2024-03-07,1050,11
2024-03-07,1075,12
2024-03-07,1100,20
2024-03-07,1125,24
2024-03-07,1150,42
2024-03-07,1175,63
2024-03-07,1200,58
2024-03-07,1225,52
2024-03-07,1250,55
2024-03-07,1275,62
2024-03-07,1300,66
2024-03-07,1325,119
2024-03-07,1350,87
2024-03-07,1375,102
2024-03-07,1400,120
2024-03-07,1425,148
2024-03-07,1450,139
2024-03-07,1475,173
2024-03-07,1500,186
2024-03-07,1525,172
2024-03-07,1550,147
2024-03-07,1575,175
2024-03-07,1600,146
2024-03-07,1625,142
2024-03-07,1650,155
2024-03-07,1675,155
2024-03-07,1700,177
2024-03-07,1725,151
2024-03-07,1750,147
2024-03-07,1775,145
2024-03-07,1800,128
2024-03-07,1825,97
2024-03-07,1850,103
2024-03-07,1875,73
2024-03-07,1900,62
2024-03-07,1925,89
2024-03-07,1950,91
2024-03-07,1975,56
2024-03-07,2000,72
2024-03-07,2025,42
2024-03-07,2050,48
2024-03-07,2075,35
2024-03-07,2100,28
2024-03-07,2125,9
2024-03-07,2150,5
2024-03-07,2175,23
2024-03-07,2200,18
2024-03-07,2225,7
2024-03-07,2250,28
2024-03-07,2275,22
2024-03-07,2300,15
2024-03-07,2325,9
2024-03-07,2350,19
2024-03-07,2375,4
2024-03-08,700,4
2024-03-08,725,5
2024-03-08,825,1
2024-03-08,850,1
2024-03-08,875,4
2024-03-08,900,7
2024-03-08,925,12
2024-03-08,950,10
2024-03-08,975,14
2024-03-08,1000,11
2024-03-08,1025,9
2024-03-08,1050,13
2024-03-08,1075,9
2024-03-08,1100,32
2024-03-08,1125,33
2024-03-08,1150,52
2024-03-08,1175,35
2024-03-08,1200,50
2024-03-08,1225,34
2024-03-08,1250,44
2024-03-08,1275,55
2024-03-08,1300,80
2024-03-08,1325,101
2024-03-08,1350,111
2024-03-08,1375,105
2024-03-08,1400,129
2024-03-08,1425,148
2024-03-08,1450,84
2024-03-08,1475,125
2024-03-08,1500,215
2024-03-08,1525,154
2024-03-08,1550,92
2024-03-08,1575,126
2024-03-08,1600,200
2024-03-08,1625,176
2024-03-08,1650,136
2024-03-08,1675,155
2024-03-08,1700,181
2024-03-08,1725,175
2024-03-08,1750,146
2024-03-08,1775,158
2024-03-08,1800,127
2024-03-08,1825,113
2024-03-08,1850,130
2024-03-08,1875,88
2024-03-08,1900,51
2024-03-08,1925,36
2024-03-08,1950,45
2024-03-08,1975,63
2024-03-08,2000,68
2024-03-08,2025,56
2024-03-08,2050,47
2024-03-08,2075,50
2024-03-08,2100,48
2024-03-08,2125,18
2024-03-08,2150,5
2024-03-08,2175,5
2024-03-08,2200,8
2024-03-08,2225,16
2024-03-08,2250,12
2024-03-08,2275,18
2024-03-08,2300,3
2024-03-08,2325,11
2024-03-08,2350,21
2024-03-08,2375,7
2024-03-09,725,3
2024-03-09,775,1
2024-03-09,800,2
2024-03-09,825,12
2024-03-09,850,10
2024-03-09,875,8
2024-03-09,900,5
2024-03-09,925,2
2024-03-09,950,19
2024-03-09,975,22
2024-03-09,1000,22
2024-03-09,1025,13
2024-03-09,1050,21
2024-03-09,1075,23
2024-03-09,1100,35
2024-03-09,1125,48
2024-03-09,1150,49
2024-03-09,1175,56
2024-03-09,1200,33
2024-03-09,1225,46
2024-03-09,1250,67
2024-03-09,1275,79
2024-03-09,1300,110
2024-03-09,1325,119
2024-03-09,1350,115
2024-03-09,1375,147
2024-03-09,1400,159
2024-03-09,1425,156
2024-03-09,1450,144
2024-03-09,1475,206
2024-03-09,1500,219
2024-03-09,1525,188
2024-03-09,1550,158
2024-03-09,1575,112
2024-03-09,1600,210
2024-03-09,1625,192
2024-03-09,1650,150
2024-03-09,1675,155
2024-03-09,1700,164
2024-03-09,1725,120
2024-03-09,1750,105
2024-03-09,1775,96
2024-03-09,1800,148
2024-03-09,1825,146
2024-03-09,1850,146
2024-03-09,1875,93
2024-03-09,1900,35
2024-03-09,1925,28
2024-03-09,1950,44
2024-03-09,1975,52
2024-03-09,2000,58
2024-03-09,2025,37
2024-03-09,2050,35
2024-03-09,2075,36
2024-03-09,2100,38
2024-03-09,2125,17
2024-03-09,2150,8
2024-03-09,2175,2
2024-03-09,2200,6
2024-03-09,2225,6
2024-03-09,2250,7
2024-03-09,2275,19
2024-03-09,2300,11
2024-03-09,2325,9
2024-03-09,2350,13
2024-03-09,2375,3
2024-03-10,700,1
2024-03-10,725,6
2024-03-10,775,2
2024-03-10,825,3
2024-03-10,850,6
2024-03-10,875,6
2024-03-10,900,10
2024-03-10,925,26
2024-03-10,950,8
2024-03-10,975,13
2024-03-10,1000,24
2024-03-10,1025,33
2024-03-10,1050,28
2024-03-10,1075,22
2024-03-10,1100,35
2024-03-10,1125,40
2024-03-10,1150,61
2024-03-10,1175,64
2024-03-10,1200,83
2024-03-10,1225,59
2024-03-10,1250,77
2024-03-10,1275,116
2024-03-10,1300,129
2024-03-10,1325,91
2024-03-10,1350,103
2024-03-10,1375,135
2024-03-10,1400,139
2024-03-10,1425,175
2024-03-10,1450,180
2024-03-10,1475,200
2024-03-10,1500,198
2024-03-10,1525,159
2024-03-10,1550,165
2024-03-10,1575,205
2024-03-10,1600,153
2024-03-10,1625,162
2024-03-10,1650,199
2024-03-10,1675,170
2024-03-10,1700,118
2024-03-10,1725,85
2024-03-10,1750,88
2024-03-10,1775,113
2024-03-10,1800,114
2024-03-10,1825,94
2024-03-10,1850,100
2024-03-10,1875,74
2024-03-10,1900,61
2024-03-10,1925,41
2024-03-10,1950,43
2024-03-10,1975,44
2024-03-10,2000,43
2024-03-10,2025,30
2024-03-10,2050,30
2024-03-10,2075,31
2024-03-10,2100,47
2024-03-10,2125,16
2024-03-10,2150,7
2024-03-10,2175,5
2024-03-10,2200,16
2024-03-10,2225,20
2024-03-10,2250,7
2024-03-10,2275,11
2024-03-10,2300,7
2024-03-10,2325,1
2024-03-11,725,16
2024-03-11,750,4
2024-03-11,1000,1
2024-03-11,1025,7
2024-03-11,1050,8
2024-03-11,1075,17
2024-03-11,1100,22
2024-03-11,1125,24
2024-03-11,1150,26
2024-03-11,1175,12
2024-03-11,1200,8
2024-03-11,1225,3
2024-03-11,1250,19
2024-03-11,1275,9
2024-03-11,1300,15
2024-03-11,1325,31
2024-03-11,1350,15
2024-03-11,1375,18
2024-03-11,1400,31
2024-03-11,1425,17
2024-03-11,1450,16
2024-03-11,1475,18
2024-03-11,1500,45
2024-03-11,1525,53
2024-03-11,1550,19
2024-03-11,1575,45
2024-03-11,1600,24
2024-03-11,1625,14
2024-03-11,1650,28
2024-03-11,1675,14
2024-03-11,1700,7
2024-03-11,1725,7
2024-03-11,1750,29
2024-03-11,1775,28
2024-03-11,1800,12
2024-03-11,1825,37
2024-03-11,1850,39
2024-03-11,1875,57
2024-03-11,1900,30
2024-03-11,1925,23
2024-03-11,1950,24
2024-03-11,1975,20
2024-03-11,2000,17
2024-03-11,2025,18
2024-03-11,2050,3
2024-03-11,2075,4
2024-03-11,2125,21
2024-03-11,2150,3
2024-03-11,2200,11
2024-03-11,2225,17
2024-03-11,2250,1
2024-03-11,2300,1
